{
  "sensI": {
    "bert-base-multilingual-cased": {
      "de_gsd": {
        "I_full": 0.08333333333333331,
        "S_L": 0.5454545454545457,
        "S_full": 1.0,
        "S_head": 0.38636363636363613,
        "S_part": 0.4318181818181818
      },
      "en_ewt": {
        "I_full": 0.08275862068965513,
        "S_L": 0.3692307692307691,
        "S_full": 0.9692307692307695,
        "S_head": 0.6923076923076924,
        "S_part": 0.47692307692307695
      },
      "es_ancora": {
        "I_full": 0.0836120401337793,
        "S_L": 0.4333333333333338,
        "S_full": 0.9500000000000001,
        "S_head": 0.6666666666666667,
        "S_part": 0.3833333333333333
      },
      "ru_syntagrus": {
        "I_full": 0.18060200668896323,
        "S_L": 0.6666666666666666,
        "S_full": 0.9753086419753089,
        "S_head": 0.7160493827160495,
        "S_part": 0.506172839506173
      },
      "tr_imst": {
        "I_full": 0.0091743119266055,
        "S_L": 0.0,
        "S_full": 1.0,
        "S_head": 0.5,
        "S_part": 0.5
      },
      "zh_gsd": {
        "I_full": -0.0033333333333334172,
        "S_L": -0.017699115044247905,
        "S_full": 0.9646017699115045,
        "S_head": 0.6017699115044247,
        "S_part": 0.4690265486725662
      }
    },
    "xlm-roberta-base": {
      "de_gsd": {
        "I_full": 0.1315789473684211,
        "S_L": 0.5862068965517243,
        "S_full": 0.9770114942528737,
        "S_head": 0.6551724137931035,
        "S_part": 0.7126436781609197
      },
      "en_ewt": {
        "I_full": 0.08157894736842111,
        "S_L": 0.35869565217391314,
        "S_full": 0.9673913043478263,
        "S_head": 0.6956521739130439,
        "S_part": 0.565217391304348
      },
      "es_ancora": {
        "I_full": 0.1368421052631579,
        "S_L": 0.5,
        "S_full": 0.9722222222222225,
        "S_head": 0.7037037037037039,
        "S_part": 0.4814814814814816
      },
      "ru_syntagrus": {
        "I_full": 0.09210526315789472,
        "S_L": 0.4415584415584416,
        "S_full": 0.9610389610389614,
        "S_head": 0.7272727272727275,
        "S_part": 0.5324675324675328
      },
      "tr_imst": {
        "I_full": 0.0157894736842106,
        "S_L": 0.400000000000002,
        "S_full": 1.0,
        "S_head": 0.6666666666666667,
        "S_part": 0.8666666666666676
      },
      "zh_gsd": {
        "I_full": 0.0026315789473684986,
        "S_L": 0.06666666666666866,
        "S_full": 1.0,
        "S_head": 0.6666666666666667,
        "S_part": 0.6000000000000005
      }
    }
  },
  "top1": {
    "bert-base-multilingual-cased": {
      "de_gsd": {
        "FullyScrambled": 0.0,
        "FullyScrambled+Lemma": 0.0033333333333333,
        "HeadScrambled": 0.09,
        "Original": 0.1466666666666666,
        "Original+Lemma": 0.0666666666666666,
        "PartiallyScrambled": 0.0833333333333333,
        "PartiallyScrambled+Lemma": 0.0366666666666666
      },
      "en_ewt": {
        "FullyScrambled": 0.0068965517241379,
        "FullyScrambled+Lemma": 0.0068965517241379,
        "HeadScrambled": 0.0689655172413793,
        "Original": 0.2241379310344827,
        "Original+Lemma": 0.1413793103448276,
        "PartiallyScrambled": 0.1172413793103448,
        "PartiallyScrambled+Lemma": 0.0655172413793103
      },
      "es_ancora": {
        "FullyScrambled": 0.0100334448160535,
        "FullyScrambled+Lemma": 0.0066889632107023,
        "HeadScrambled": 0.0668896321070234,
        "Original": 0.2006688963210702,
        "Original+Lemma": 0.1137123745819397,
        "PartiallyScrambled": 0.1237458193979933,
        "PartiallyScrambled+Lemma": 0.0735785953177257
      },
      "ru_syntagrus": {
        "FullyScrambled": 0.0066889632107023,
        "FullyScrambled+Lemma": 0.0066889632107023,
        "HeadScrambled": 0.0769230769230769,
        "Original": 0.2709030100334448,
        "Original+Lemma": 0.0903010033444816,
        "PartiallyScrambled": 0.1337792642140468,
        "PartiallyScrambled+Lemma": 0.060200668896321
      },
      "tr_imst": {
        "FullyScrambled": 0.0,
        "FullyScrambled+Lemma": 0.0091743119266055,
        "HeadScrambled": 0.0091743119266055,
        "Original": 0.018348623853211,
        "Original+Lemma": 0.018348623853211,
        "PartiallyScrambled": 0.0091743119266055,
        "PartiallyScrambled+Lemma": 0.0
      },
      "zh_gsd": {
        "FullyScrambled": 0.0133333333333333,
        "FullyScrambled+Lemma": 0.0166666666666666,
        "HeadScrambled": 0.15,
        "Original": 0.3766666666666666,
        "Original+Lemma": 0.3833333333333333,
        "PartiallyScrambled": 0.2,
        "PartiallyScrambled+Lemma": 0.2133333333333333
      }
    },
    "xlm-roberta-base": {
      "de_gsd": {
        "FullyScrambled": 0.0052631578947368,
        "FullyScrambled+Lemma": 0.0026315789473684,
        "HeadScrambled": 0.0789473684210526,
        "Original": 0.2289473684210526,
        "Original+Lemma": 0.0947368421052631,
        "PartiallyScrambled": 0.0657894736842105,
        "PartiallyScrambled+Lemma": 0.031578947368421
      },
      "en_ewt": {
        "FullyScrambled": 0.0078947368421052,
        "FullyScrambled+Lemma": 0.0026315789473684,
        "HeadScrambled": 0.0736842105263157,
        "Original": 0.2421052631578947,
        "Original+Lemma": 0.1552631578947368,
        "PartiallyScrambled": 0.1052631578947368,
        "PartiallyScrambled+Lemma": 0.0763157894736842
      },
      "es_ancora": {
        "FullyScrambled": 0.0078947368421052,
        "FullyScrambled+Lemma": 0.0026315789473684,
        "HeadScrambled": 0.0842105263157894,
        "Original": 0.2842105263157894,
        "Original+Lemma": 0.1421052631578947,
        "PartiallyScrambled": 0.1473684210526315,
        "PartiallyScrambled+Lemma": 0.0657894736842105
      },
      "ru_syntagrus": {
        "FullyScrambled": 0.0078947368421052,
        "FullyScrambled+Lemma": 0.0105263157894736,
        "HeadScrambled": 0.0552631578947368,
        "Original": 0.2026315789473684,
        "Original+Lemma": 0.1131578947368421,
        "PartiallyScrambled": 0.0947368421052631,
        "PartiallyScrambled+Lemma": 0.05
      },
      "tr_imst": {
        "FullyScrambled": 0.0,
        "FullyScrambled+Lemma": 0.0,
        "HeadScrambled": 0.0131578947368421,
        "Original": 0.0394736842105263,
        "Original+Lemma": 0.0236842105263157,
        "PartiallyScrambled": 0.0052631578947368,
        "PartiallyScrambled+Lemma": 0.0026315789473684
      },
      "zh_gsd": {
        "FullyScrambled": 0.0,
        "FullyScrambled+Lemma": 0.0,
        "HeadScrambled": 0.0131578947368421,
        "Original": 0.0394736842105263,
        "Original+Lemma": 0.0368421052631578,
        "PartiallyScrambled": 0.0157894736842105,
        "PartiallyScrambled+Lemma": 0.0131578947368421
      }
    }
  },
  "top5": {
    "bert-base-multilingual-cased": {
      "de_gsd": {
        "FullyScrambled": 0.0133333333333333,
        "FullyScrambled+Lemma": 0.0166666666666666,
        "HeadScrambled": 0.1533333333333333,
        "Original": 0.28,
        "Original+Lemma": 0.1833333333333333,
        "PartiallyScrambled": 0.1633333333333333,
        "PartiallyScrambled+Lemma": 0.1
      },
      "en_ewt": {
        "FullyScrambled": 0.0137931034482758,
        "FullyScrambled+Lemma": 0.0137931034482758,
        "HeadScrambled": 0.1413793103448276,
        "Original": 0.4379310344827586,
        "Original+Lemma": 0.3241379310344827,
        "PartiallyScrambled": 0.2482758620689655,
        "PartiallyScrambled+Lemma": 0.1896551724137931
      },
      "es_ancora": {
        "FullyScrambled": 0.0167224080267558,
        "FullyScrambled+Lemma": 0.0334448160535117,
        "HeadScrambled": 0.1337792642140468,
        "Original": 0.3979933110367893,
        "Original+Lemma": 0.2274247491638795,
        "PartiallyScrambled": 0.2374581939799331,
        "PartiallyScrambled+Lemma": 0.1371237458193979
      },